Reaction,Compound,Role
R00697,C00423,product
R01426,C00423,product
R02252,C00423,product
R02253,C00423,substrate
R02254,C00423,substrate
R02255,C00423,substrate
R02256,C00423,substrate
R06745,C00423,substrate
R06781,C00423,substrate
R06783,C00423,substrate
R07796,C00423,product
R08422,C00423,substrate
R08423,C00423,substrate
R11070,C00423,substrate
R12535,C00423,product
R02815,C03212,product
R02194,C01494,substrate
R03366,C01494,product
R03579,C01494,product
R05700,C01494,product
R05701,C01494,product
R05744,C01494,substrate
R07292,C01494,product
R07440,C01494,substrate
R08839,C01494,substrate
R11071,C01494,substrate
R13322,C01494,substrate
R13324,C01494,substrate
R00966,C00106,product
R00973,C00106,product
R00974,C00106,product
R00975,C00106,product
R00976,C00106,substrate
R00977,C00106,product
R00978,C00106,product
R01055,C00106,substrate
R01080,C00106,product
R01876,C00106,product
R02484,C00106,product
R02486,C00106,product
R03131,C00106,substrate
R09936,C00106,substrate
R10838,C00106,product
R12544,C00106,substrate
R12545,C00106,substrate
R12955,C00106,product
R00737,C00811,product
R01308,C00811,product
R01616,C00811,substrate
R02253,C00811,product
R02950,C00811,substrate
R02951,C00811,substrate
R02952,C00811,substrate
R07826,C00811,substrate
R08023,C00811,substrate
R08435,C00811,substrate
R08534,C00811,substrate
R08766,C00811,product
R12492,C00811,product
R12534,C00811,product
R13287,C00811,substrate
R13289,C00811,substrate
R05273,C06672,substrate
R05274,C06672,substrate
R05699,C06672,product
R07668,C06672,substrate
R09278,C06672,product
R10136,C06672,substrate
R10259,C06672,product
R10296,C06672,product
R10297,C06672,product
R01567,C00214,substrate
R01568,C00214,substrate
R01569,C00214,product
R01570,C00214,substrate
R01571,C00214,substrate
R02806,C00214,substrate
R02254,C01772,product
R03709,C01772,product
R03710,C01772,substrate
R00179,C00170,product
R01401,C00170,substrate
R01402,C00170,substrate
R01920,C00170,product
R02869,C00170,product
R03019,C00170,product
R03072,C00170,product
R03271,C00170,product
R03726,C00170,product
R08359,C00170,product
R08939,C00170,product
R08940,C00170,product
R09072,C00170,product
R09531,C00170,product
R09660,C00170,substrate
R10338,C00170,product
R10455,C00170,product
R10526,C00170,product
R10529,C00170,product
R10611,C00170,product
R10881,C00170,product
R11088,C00170,product
R11089,C00170,product
R11159,C00170,product
R11160,C00170,product
R12341,C00170,product
R13107,C00170,product
R13435,C00170,product
R01238,C00156,substrate
R01293,C00156,product
R01294,C00156,product
R01295,C00156,product
R01296,C00156,substrate
R01297,C00156,substrate
R01298,C00156,substrate
R01299,C00156,substrate
R01300,C00156,substrate
R01301,C00156,product
R01302,C00156,substrate
R01303,C00156,substrate
R01304,C00156,substrate
R01305,C00156,product
R01306,C00156,product
R01307,C00156,product
R01308,C00156,substrate
R05000,C00156,substrate
R05603,C00156,product
R05615,C00156,substrate
R05616,C00156,substrate
R06889,C00156,product
R07273,C00156,substrate
R09039,C00156,product
R09040,C00156,substrate
R09105,C00156,product
R11102,C00156,substrate
R11608,C00156,substrate
R11872,C00156,substrate
R12013,C00156,substrate
R12015,C00156,substrate
R13326,C00156,product
R02665,C00632,substrate
R02666,C00632,substrate
R02667,C00632,substrate
R02668,C00632,product
R02669,C00632,substrate
R02671,C00632,substrate
R07730,C00632,product
R09517,C00632,product
R01879,C00526,substrate
R02099,C00526,substrate
R02102,C00526,product
R02484,C00526,substrate
R02485,C00526,product
R02486,C00526,substrate
R02792,C00695,substrate
R02793,C00695,substrate
R02794,C00695,substrate
R02797,C00695,product
R02798,C00695,substrate
R05835,C00695,product
R07220,C00695,product
R07295,C00695,substrate
R07296,C00695,product
R11539,C00695,substrate
R12550,C00695,product
R00818,C00805,substrate
R02941,C00805,product
R02942,C00805,product
R05360,C00805,product
R05537,C00805,product
R06602,C00805,product
R06603,C00805,product
R06925,C00805,product
R07695,C00805,product
R07709,C00805,substrate
R07710,C00805,substrate
R08838,C00805,product
R09539,C00805,substrate
R10448,C00805,substrate
R12640,C00805,substrate
R12642,C00805,substrate
R12805,C00805,substrate
R03896,C02226,product
R03897,C02226,substrate
R03898,C02226,substrate
R02088,C00559,product
R02089,C00559,substrate
R02556,C00559,substrate
R02557,C00559,substrate
R01087,C01384,substrate
R02419,C01384,product
R03540,C01384,substrate
R11257,C01384,product
R00182,C00147,product
R00190,C00147,product
R00194,C00147,product
R01244,C00147,substrate
R01245,C00147,product
R01401,C00147,product
R01402,C00147,product
R01561,C00147,product
R02557,C00147,product
R05708,C00147,product
R09675,C00147,product
R10185,C00147,product
R10220,C00147,product
R10668,C00147,product
R10836,C00147,product
R11113,C00147,product
R12621,C00147,product
R12987,C00147,substrate
R12989,C00147,substrate
R01676,C00385,product
R01768,C00385,product
R01769,C00385,product
R02103,C00385,substrate
R02107,C00385,substrate
R02141,C00385,substrate
R02142,C00385,product
R02143,C00385,product
R02297,C00385,product
R07965,C00385,product
R07966,C00385,product
R07967,C00385,product
R07968,C00385,product
R07969,C00385,product
R07970,C00385,product
R08410,C00385,substrate
R10920,C00385,substrate
R01709,C00847,product
R02992,C00847,product
R02993,C00847,substrate
R00963,C00299,product
R00964,C00299,substrate
R00968,C00299,substrate
R01080,C00299,substrate
R01876,C00299,substrate
R01877,C00299,product
R01878,C00299,product
R01879,C00299,product
R01427,C00587,product
R01508,C00587,substrate
R01628,C00587,substrate
R02589,C00587,substrate
R05375,C00587,product
R07666,C00587,product
R07667,C00587,product
R09589,C00587,substrate
R10597,C00587,product
R01987,C02946,product
R05050,C02946,product
R03790,C01983,substrate
R03791,C01983,product
R05783,C01983,product
R00183,C00212,product
R00185,C00212,substrate
R00192,C00212,product
R01245,C00212,substrate
R01560,C00212,substrate
R01561,C00212,substrate
R01562,C00212,product
R01571,C00212,product
R05695,C00212,substrate
R05696,C00212,substrate
R12098,C00212,product
R12669,C00212,substrate
R08650,C12115,product
R10469,C12115,product
R12912,C12115,substrate
R01128,C00262,product
R01132,C00262,product
R01244,C00262,product
R01768,C00262,substrate
R01769,C00262,substrate
R01770,C00262,product
R01863,C00262,product
R02748,C00262,product
R08587,C00262,product
R09668,C00262,product
R01000,C05984,substrate
R02430,C00503,substrate
R11536,C00503,substrate
R01089,C02710,product
R01943,C01197,substrate
R02950,C01197,substrate
R02950,C01197,product
R02997,C01197,product
R03365,C01197,substrate
R03366,C01197,substrate
R03367,C01197,substrate
R07826,C01197,product
R10701,C01197,product
R11206,C01197,substrate
R02815,C00715,substrate
R02816,C00715,substrate
R00693,C03519,product
R00821,C00196,substrate
R00980,C00196,product
R01504,C00196,substrate
R01505,C00196,product
R01506,C00196,substrate
R01507,C00196,substrate
R01508,C00196,product
R12777,C00196,substrate
R00822,C00230,substrate
R01296,C00230,product
R01298,C00230,product
R01627,C00230,product
R01628,C00230,product
R01629,C00230,substrate
R01630,C00230,substrate
R01631,C00230,substrate
R01632,C00230,substrate
R01633,C00230,product
R01634,C00230,product
R01635,C00230,product
R01636,C00230,product
R01637,C00230,substrate
R05274,C00230,product
R05280,C00230,substrate
R07668,C00230,product
R10136,C00230,product
R11197,C00230,product
R11198,C00230,product
R12018,C00230,substrate
R12019,C00230,substrate
R12575,C00230,substrate
R12576,C00230,substrate
R13558,C00230,product
R05063,C06255,product
R00066,C00255,product
R00548,C00255,product
R00549,C00255,substrate
R00550,C00255,substrate
R01732,C00255,substrate
R01734,C00255,product
R05707,C00255,product
R08574,C00255,substrate
R09750,C00255,product
R03568,C06730,product
R05292,C06730,product
R05293,C06730,product
R05294,C06730,product
R05295,C06730,substrate
R05299,C06730,substrate
R06939,C06730,product
R02489,C00628,substrate
R02589,C00628,product
R02655,C00628,product
R02656,C00628,substrate
R02657,C00628,substrate
R07686,C00628,product
R07709,C00628,product
R07710,C00628,product
R02081,C00418,substrate
R02082,C00418,substrate
R02245,C00418,substrate
R02246,C00418,substrate
R02247,C00418,substrate
R10779,C00418,substrate
R02243,C00490,product
R02404,C00490,substrate
R02405,C00490,substrate
R02406,C00490,substrate
R02407,C00490,substrate
R10600,C00490,substrate
R11749,C00490,product
R11750,C00490,substrate
R00743,C00383,substrate
R01604,C00383,product
R01607,C00383,product
R07629,C00383,product
R08944,C00383,substrate
R09483,C00383,substrate
R12300,C00383,substrate
R11562,C01432,product
R11563,C01432,product
R11564,C01432,product
R11676,C01432,substrate
R05604,C01904,substrate
R07134,C01904,substrate
R07143,C01904,substrate
R07144,C01904,substrate
R01126,C00294,product
R01131,C00294,substrate
R01560,C00294,product
R01770,C00294,substrate
R01863,C00294,substrate
R05821,C00294,substrate
R12588,C00294,product
R05183,C06414,substrate
R00119,C00253,substrate
R01268,C00253,product
R01720,C00253,substrate
R01721,C00253,substrate
R01722,C00253,substrate
R01723,C00253,substrate
R01724,C00253,product
R02295,C00253,product
R02861,C00253,product
R04148,C00253,product
R05128,C00253,product
R06779,C00253,substrate
R08426,C00253,substrate
R09473,C00253,substrate
R10046,C00253,product
R10608,C00253,product
R10632,C00253,substrate
R13500,C00253,substrate
R08249,C07446,product
R08251,C07446,product
R08252,C07446,substrate
R00014,C00022,substrate
R00195,C00022,product
R00196,C00022,product
R00197,C00022,product
R00198,C00022,product
R00199,C00022,substrate
R00200,C00022,substrate
R00203,C00022,product
R00205,C00022,product
R00206,C00022,substrate
R00207,C00022,substrate
R00208,C00022,product
R00209,C00022,substrate
R00210,C00022,substrate
R00211,C00022,substrate
R00212,C00022,product
R00213,C00022,product
R00214,C00022,product
R00215,C00022,product
R00216,C00022,product
R00217,C00022,product
R00218,C00022,product
R00219,C00022,substrate
R00220,C00022,product
R00221,C00022,product
R00223,C00022,product
R00224,C00022,substrate
R00237,C00022,product
R00258,C00022,product
R00297,C00022,product
R00324,C00022,product
R00325,C00022,product
R00344,C00022,substrate
R00350,C00022,product
R00353,C00022,substrate
R00368,C00022,product
R00369,C00022,product
R00396,C00022,product
R00398,C00022,product
R00400,C00022,product
R00409,C00022,product
R00430,C00022,substrate
R00452,C00022,product
R00453,C00022,substrate
R00470,C00022,product
R00471,C00022,product
R00532,C00022,product
R00543,C00022,product
R00562,C00022,product
R00572,C00022,substrate
R00576,C00022,substrate
R00585,C00022,substrate
R00659,C00022,substrate
R00666,C00022,product
R00673,C00022,product
R00692,C00022,substrate
R00703,C00022,product
R00704,C00022,product
R00724,C00022,substrate
R00728,C00022,product
R00750,C00022,substrate
R00782,C00022,product
R00906,C00022,product
R00907,C00022,product
R00930,C00022,substrate
R00985,C00022,product
R00986,C00022,product
R01012,C00022,product
R01031,C00022,product
R01032,C00022,substrate
R01064,C00022,product
R01085,C00022,product
R01138,C00022,substrate
R01147,C00022,substrate
R01148,C00022,product
R01196,C00022,product
R01215,C00022,substrate
R01261,C00022,product
R01286,C00022,product
R01302,C00022,substrate
R01335,C00022,substrate
R01344,C00022,substrate
R01355,C00022,product
R01447,C00022,product
R01576,C00022,product
R01584,C00022,product
R01645,C00022,product
R01647,C00022,substrate
R01683,C00022,product
R01699,C00022,substrate
R01712,C00022,substrate
R01782,C00022,product
R01784,C00022,product
R01811,C00022,product
R01858,C00022,substrate
R01874,C00022,product
R02050,C00022,substrate
R02261,C00022,product
R02271,C00022,substrate
R02293,C00022,substrate
R02320,C00022,substrate
R02408,C00022,product
R02628,C00022,product
R02721,C00022,substrate
R02754,C00022,product
R02953,C00022,product
R02970,C00022,substrate
R03001,C00022,substrate
R03037,C00022,product
R03050,C00022,product
R03081,C00022,product
R03105,C00022,product
R03145,C00022,substrate
R03277,C00022,substrate
R03465,C00022,product
R03502,C00022,substrate
R03528,C00022,product
R03732,C00022,product
R03796,C00022,product
R03854,C00022,substrate
R04152,C00022,substrate
R04187,C00022,product
R04350,C00022,product
R04672,C00022,product
R04861,C00022,product
R04941,C00022,product
R05136,C00022,substrate
R05298,C00022,substrate
R05538,C00022,product
R05544,C00022,product
R05553,C00022,product
R05605,C00022,product
R05636,C00022,substrate
R05648,C00022,product
R05652,C00022,substrate
R05861,C00022,product
R06602,C00022,product
R06603,C00022,product
R06913,C00022,product
R06923,C00022,product
R06934,C00022,product
R07399,C00022,substrate
R07633,C00022,product
R07634,C00022,product
R07685,C00022,product
R07692,C00022,product
R07713,C00022,product
R08166,C00022,product
R08170,C00022,product
R08197,C00022,substrate
R08200,C00022,product
R08253,C00022,substrate
R08570,C00022,product
R08648,C00022,substrate
R08654,C00022,product
R08660,C00022,product
R08667,C00022,product
R08686,C00022,product
R08698,C00022,product
R08714,C00022,substrate
R09088,C00022,substrate
R09238,C00022,product
R09254,C00022,substrate
R09366,C00022,product
R10147,C00022,substrate
R10178,C00022,substrate
R10180,C00022,substrate
R10283,C00022,product
R10487,C00022,product
R10527,C00022,product
R10539,C00022,product
R10542,C00022,product
R10550,C00022,product
R10552,C00022,substrate
R10583,C00022,product
R10597,C00022,product
R10616,C00022,product
R10674,C00022,product
R10691,C00022,product
R10866,C00022,substrate
R10992,C00022,product
R11023,C00022,product
R11038,C00022,product
R11099,C00022,product
R11141,C00022,substrate
R11213,C00022,product
R11257,C00022,product
R11352,C00022,product
R11463,C00022,product
R11591,C00022,product
R11593,C00022,substrate
R11676,C00022,product
R11864,C00022,product
R11996,C00022,product
R12188,C00022,product
R12212,C00022,product
R12237,C00022,product
R12343,C00022,substrate
R12622,C00022,product
R12689,C00022,product
R12707,C00022,product
R12768,C00022,product
R13049,C00022,product
R13050,C00022,product
R13181,C00022,product
R13209,C00022,product
R13606,C00022,product
R01229,C00242,product
R01676,C00242,substrate
R01677,C00242,product
R01969,C00242,product
R02147,C00242,product
R03789,C00242,product
R10209,C00242,product
R03492,C01132,product
R04183,C01132,substrate
R04184,C01132,substrate
R04586,C01132,product
R05963,C01132,product
R05966,C01132,product
R06001,C01132,product
R06004,C01132,product
R08366,C01132,substrate
R08967,C01132,substrate
R12963,C01132,product
R12975,C01132,substrate
R12976,C01132,substrate
R13281,C01132,substrate
R03204,C01596,product
R03540,C01596,product
R05781,C01596,product
R07949,C01596,product
R07983,C01596,product
R09126,C01596,product
R01269,C02918,product
R04085,C02918,substrate
R08408,C02918,substrate
R01856,C00330,product
R01967,C00330,substrate
R01968,C00330,product
R01969,C00330,substrate
R00511,C00475,product
R00513,C00475,substrate
R00517,C00475,substrate
R01878,C00475,substrate
R02137,C00475,substrate
R02296,C00475,substrate
R02370,C00475,product
R12635,C00475,product
R02473,C00864,product
R02474,C00864,substrate
R02973,C00864,product
R03018,C00864,substrate
R03927,C00864,substrate
R10752,C00864,product
R10821,C00864,product
R13547,C00864,product
R01866,C00295,product
R01867,C00295,product
R01868,C00295,product
R01869,C00295,product
R01870,C00295,product
R02565,C00719,product
R02566,C00719,product
R02821,C00719,substrate
R07228,C00719,product
R07244,C00719,product
R08211,C00719,product
R08212,C00719,product
R10061,C00719,product
R10062,C00719,product
R12614,C00719,product
R12787,C00719,substrate
R13016,C00719,substrate
R13307,C00719,product
R03439,C01717,substrate
R03440,C01717,substrate
R03441,C01717,substrate
R03445,C01717,product
R03687,C01717,product
R12688,C01717,product
R12692,C01717,product
R01227,C00387,product
R01228,C00387,substrate
R01677,C00387,substrate
R02145,C00387,substrate
R02147,C00387,substrate
R02148,C00387,product
R00686,C00079,substrate
R00688,C00079,substrate
R00689,C00079,substrate
R00690,C00079,substrate
R00691,C00079,product
R00692,C00079,substrate
R00693,C00079,substrate
R00694,C00079,substrate
R00695,C00079,product
R00697,C00079,substrate
R00698,C00079,substrate
R00699,C00079,substrate
R01375,C00079,product
R01376,C00079,product
R01795,C00079,substrate
R03660,C00079,substrate
R06744,C00079,substrate
R07211,C00079,substrate
R08463,C00079,substrate
R08652,C00079,substrate
R08690,C00079,substrate
R09535,C00079,product
R09578,C00079,substrate
R09579,C00079,substrate
R10286,C00079,substrate
R10287,C00079,substrate
R10495,C00079,substrate
R10499,C00079,substrate
R10729,C00079,substrate
R11068,C00079,substrate
R11918,C00079,substrate
R12413,C00079,substrate
R12540,C00079,substrate
R12543,C00079,substrate
R13432,C00079,substrate
R03954,C02470,substrate
R03955,C02470,substrate
R12693,C02470,product
R00874,C00794,product
R00875,C00794,substrate
R01697,C00794,substrate
R01787,C00794,substrate
R02865,C00794,substrate
R02866,C00794,product
R02867,C00794,substrate
R02868,C00794,substrate
R02925,C00794,substrate
R02926,C00794,product
R05820,C00794,substrate
R07346,C00794,substrate
R11620,C00794,substrate
R01088,C00123,substrate
R01089,C00123,substrate
R01090,C00123,substrate
R01091,C00123,substrate
R02552,C00123,product
R03657,C00123,substrate
R08411,C00123,substrate
R08664,C00123,substrate
R10944,C00123,substrate
R03053,C01933,substrate
R00865,C00392,substrate
R00868,C00392,substrate
R00870,C00392,substrate
R02167,C00392,product
R02704,C00392,substrate
R05698,C00392,substrate
R07135,C00392,substrate
R02196,C00407,substrate
R02197,C00407,substrate
R02199,C00407,substrate
R02200,C00407,product
R03656,C00407,substrate
R09344,C00407,substrate
R09403,C00407,substrate
R10027,C00407,substrate
R10723,C00407,substrate
R10943,C00407,substrate
R11078,C00407,substrate
R11723,C00407,substrate
R12650,C00407,substrate
R01093,C01697,product
R01095,C01697,product
R02928,C01697,substrate
R05570,C01697,substrate
R11637,C01697,substrate
R03718,C01921,product
R05835,C01921,substrate
R00673,C00078,substrate
R00674,C00078,product
R00675,C00078,substrate
R00676,C00078,substrate
R00677,C00078,substrate
R00678,C00078,substrate
R00679,C00078,substrate
R00681,C00078,substrate
R00682,C00078,product
R00683,C00078,substrate
R00684,C00078,substrate
R00685,C00078,substrate
R01376,C00078,substrate
R01657,C00078,substrate
R01814,C00078,substrate
R02722,C00078,product
R03664,C00078,substrate
R05317,C00078,substrate
R07213,C00078,substrate
R08160,C00078,substrate
R08547,C00078,substrate
R09570,C00078,substrate
R09583,C00078,substrate
R09638,C00078,substrate
R10180,C00078,substrate
R10661,C00078,substrate
R11119,C00078,substrate
R11328,C00078,substrate
R12031,C00078,substrate
R12032,C00078,substrate
R12055,C00078,product
R12151,C00078,substrate
R12413,C00078,substrate
R12417,C00078,substrate
R12436,C00078,substrate
R12542,C00078,substrate
R12758,C00078,substrate
R12782,C00078,substrate
R12784,C00078,substrate
R12957,C00078,substrate
R13409,C00078,substrate
R13417,C00078,substrate
R13492,C00078,substrate
R13631,C00078,substrate
R00177,C00073,product
R00648,C00073,substrate
R00649,C00073,substrate
R00650,C00073,product
R00651,C00073,product
R00652,C00073,substrate
R00653,C00073,product
R00654,C00073,substrate
R00655,C00073,substrate
R00656,C00073,substrate
R00657,C00073,product
R00946,C00073,product
R02025,C00073,substrate
R02821,C00073,product
R03472,C00073,product
R03659,C00073,substrate
R04153,C00073,product
R04405,C00073,product
R04710,C00073,product
R06268,C00073,product
R06269,C00073,product
R06270,C00073,product
R07396,C00073,product
R07606,C00073,substrate
R07608,C00073,substrate
R08583,C00073,product
R08588,C00073,product
R08618,C00073,substrate
R08635,C00073,substrate
R08873,C00073,product
R08875,C00073,product
R08893,C00073,product
R09373,C00073,product
R09394,C00073,product
R09637,C00073,product
R09639,C00073,product
R10204,C00073,product
R10220,C00073,product
R10246,C00073,product
R10430,C00073,product
R10437,C00073,product
R10552,C00073,product
R10645,C00073,product
R10646,C00073,product
R10649,C00073,product
R10650,C00073,product
R10652,C00073,product
R10667,C00073,product
R11112,C00073,product
R11274,C00073,product
R11275,C00073,product
R11293,C00073,product
R11294,C00073,product
R11484,C00073,product
R11700,C00073,product
R11919,C00073,product
R12055,C00073,substrate
R12098,C00073,product
R12161,C00073,product
R12162,C00073,product
R12238,C00073,product
R12239,C00073,product
R12497,C00073,product
R12507,C00073,product
R12569,C00073,product
R12724,C00073,product
R12750,C00073,substrate
R12788,C00073,product
R13180,C00073,product
R13357,C00073,product
R13358,C00073,product
R13373,C00073,product
R13375,C00073,product
R13410,C00073,product
R13411,C00073,product
R13412,C00073,product
R13413,C00073,product
R13414,C00073,product
R13415,C00073,product
R13448,C00073,substrate
R13537,C00073,product
R03537,C02353,substrate
R02143,C01762,substrate
R02145,C01762,product
R02297,C01762,substrate
R02719,C01762,product
R07917,C01762,substrate
R00135,C00148,product
R00671,C00148,product
R01246,C00148,substrate
R01248,C00148,substrate
R01249,C00148,substrate
R01251,C00148,substrate
R01252,C00148,substrate
R01253,C00148,substrate
R01255,C00148,substrate
R03661,C00148,substrate
R06746,C00148,substrate
R09572,C00148,substrate
R09650,C00148,product
R10507,C00148,substrate
R10661,C00148,substrate
R11594,C00148,substrate
R12056,C00148,substrate
R01212,C00183,substrate
R01214,C00183,substrate
R01215,C00183,substrate
R01434,C00183,substrate
R01437,C00183,substrate
R02200,C00183,substrate
R03665,C00183,substrate
R04870,C00183,substrate
R08663,C00183,substrate
R10031,C00183,substrate
R10941,C00183,substrate
R10942,C00183,substrate
R13429,C00183,substrate
R02103,C00366,product
R02106,C00366,substrate
R02107,C00366,product
R02646,C00366,product
R09514,C00366,substrate
R09876,C00366,product
R10920,C00366,product
R01627,C02637,substrate
R02413,C02637,product
R02415,C02637,product
R03084,C02637,product
R06847,C02637,product
R12885,C02637,substrate
R01388,C00258,substrate
R01392,C00258,substrate
R01511,C00258,product
R01514,C00258,substrate
R01745,C00258,substrate
R01747,C00258,substrate
R01748,C00258,product
R01749,C00258,substrate
R01750,C00258,substrate
R01751,C00258,product
R01752,C00258,product
R08571,C00258,product
R08572,C00258,substrate
R09645,C00258,product
R09665,C00258,substrate
R09666,C00258,substrate
R10324,C00258,product
R10615,C00258,product
R11959,C00258,product
R12095,C00258,product
R12250,C00258,product
R00728,C00082,substrate
R00729,C00082,substrate
R00730,C00082,substrate
R00731,C00082,substrate
R00732,C00082,product
R00733,C00082,product
R00734,C00082,substrate
R00735,C00082,substrate
R00736,C00082,substrate
R00737,C00082,substrate
R00739,C00082,substrate
R01795,C00082,product
R01815,C00082,substrate
R02078,C00082,substrate
R02918,C00082,substrate
R03539,C00082,product
R04730,C00082,substrate
R05671,C00082,substrate
R06626,C00082,substrate
R06751,C00082,substrate
R07211,C00082,product
R07212,C00082,substrate
R08825,C00082,substrate
R09254,C00082,substrate
R09521,C00082,substrate
R09830,C00082,substrate
R10059,C00082,substrate
R10246,C00082,substrate
R10671,C00082,substrate
R10964,C00082,substrate
R10968,C00082,substrate
R11366,C00082,substrate
R11917,C00082,substrate
R12150,C00082,substrate
R12161,C00082,substrate
R12235,C00082,product
R12540,C00082,product
R12541,C00082,substrate
R12611,C00082,substrate
R12759,C00082,substrate
R13031,C00082,substrate
R01158,C00860,substrate
R03012,C00860,substrate
R03013,C00860,product
R00179,C01234,product
R00997,C01234,substrate
R07214,C01234,substrate
R01252,C01157,product
R03291,C01157,substrate
R03293,C01157,substrate
R03295,C01157,substrate
R03296,C01157,substrate
R11819,C01157,substrate
R00258,C00041,substrate
R00369,C00041,substrate
R00396,C00041,substrate
R00397,C00041,product
R00398,C00041,product
R00400,C00041,substrate
R00401,C00041,substrate
R00453,C00041,product
R00576,C00041,product
R00585,C00041,product
R00692,C00041,product
R00863,C00041,product
R00907,C00041,substrate
R00987,C00041,product
R01215,C00041,product
R01261,C00041,substrate
R01712,C00041,product
R02050,C00041,product
R02271,C00041,product
R02293,C00041,product
R02668,C00041,product
R02970,C00041,product
R03001,C00041,product
R03038,C00041,substrate
R03193,C00041,substrate
R03210,C00041,substrate
R03502,C00041,product
R03599,C00041,product
R03854,C00041,product
R03936,C00041,product
R04112,C00041,product
R04152,C00041,product
R04187,C00041,substrate
R05652,C00041,product
R07460,C00041,product
R08197,C00041,product
R08714,C00041,product
R09254,C00041,product
R10124,C00041,substrate
R10178,C00041,product
R10180,C00041,product
R10992,C00041,substrate
R11038,C00041,substrate
R11064,C00041,substrate
R11528,C00041,product
R11583,C00041,product
R12343,C00041,product
R12417,C00041,substrate
R12419,C00041,substrate
R12622,C00041,substrate
R12725,C00041,substrate
R12727,C00041,substrate
R13583,C00041,substrate
R00039,C00089,product
R00801,C00089,substrate
R00802,C00089,substrate
R00803,C00089,substrate
R00805,C00089,product
R00806,C00089,product
R00807,C00089,substrate
R00808,C00089,substrate
R00809,C00089,substrate
R00810,C00089,substrate
R00811,C00089,substrate
R01103,C00089,product
R01823,C00089,substrate
R02120,C00089,substrate
R02411,C00089,substrate
R04194,C00089,substrate
R05140,C00089,product
R07256,C00089,product
R08616,C00089,product
R08676,C00089,substrate
R12349,C00089,substrate
R12527,C00089,substrate
R12528,C00089,substrate
R00751,C00188,substrate
R00996,C00188,substrate
R01465,C00188,substrate
R01466,C00188,product
R01467,C00188,substrate
R03663,C00188,substrate
R06531,C00188,substrate
R07247,C00188,substrate
R08323,C00188,substrate
R10463,C00188,substrate
R10888,C00188,substrate
R10891,C00188,product
R10892,C00188,substrate
R12772,C00188,substrate
R12774,C00188,substrate
R06171,C05519,substrate
R10851,C05519,substrate
R10852,C05519,substrate
R01989,C01035,product
R01990,C01035,substrate
R03177,C01035,product
R03180,C01035,product
R01771,C00263,substrate
R01773,C00263,substrate
R01775,C00263,substrate
R01776,C00263,substrate
R01777,C00263,substrate
R13114,C00263,product
R13115,C00263,product
R01932,C00322,substrate
R01933,C00322,substrate
R01934,C00322,product
R01936,C00322,product
R01937,C00322,substrate
R01938,C00322,substrate
R01939,C00322,product
R01940,C00322,substrate
R08331,C00322,substrate
R13011,C00322,substrate
R13166,C00322,substrate
R00434,C00942,product
R01234,C00942,substrate
R07319,C01971,product
R00364,C00037,substrate
R00365,C00037,substrate
R00366,C00037,substrate
R00367,C00037,substrate
R00368,C00037,product
R00369,C00037,product
R00371,C00037,substrate
R00372,C00037,substrate
R00373,C00037,substrate
R00374,C00037,substrate
R00395,C00037,substrate
R00478,C00037,product
R00497,C00037,substrate
R00565,C00037,substrate
R00588,C00037,product
R00610,C00037,product
R00611,C00037,product
R00652,C00037,product
R00751,C00037,product
R00775,C00037,product
R00830,C00037,substrate
R00899,C00037,product
R00945,C00037,substrate
R01221,C00037,substrate
R01424,C00037,product
R01723,C00037,substrate
R01766,C00037,product
R01957,C00037,product
R02452,C00037,substrate
R02551,C00037,product
R02729,C00037,substrate
R03121,C00037,product
R03284,C00037,substrate
R03425,C00037,substrate
R03579,C00037,product
R03654,C00037,substrate
R03718,C00037,substrate
R03956,C00037,product
R03975,C00037,product
R04144,C00037,substrate
R04486,C00037,product
R04777,C00037,substrate
R04951,C00037,product
R05055,C00037,product
R05704,C00037,substrate
R05835,C00037,product
R05841,C00037,substrate
R06171,C00037,product
R07226,C00037,product
R07463,C00037,substrate
R08195,C00037,product
R08196,C00037,product
R08252,C00037,substrate
R08701,C00037,substrate
R08744,C00037,substrate
R09099,C00037,product
R09717,C00037,product
R09718,C00037,product
R10060,C00037,substrate
R10062,C00037,substrate
R10179,C00037,product
R10685,C00037,substrate
R10722,C00037,product
R10908,C00037,product
R10994,C00037,substrate
R11664,C00037,substrate
R12026,C00037,substrate
R12514,C00037,product
R12692,C00037,product
R12693,C00037,product
R12694,C00037,product
R12721,C00037,substrate
R12723,C00037,substrate
R12941,C00037,product
R12967,C00037,product
R13029,C00037,product
R13038,C00037,product
R00021,C00064,product
R00093,C00064,product
R00114,C00064,product
R00253,C00064,product
R00256,C00064,substrate
R00257,C00064,substrate
R00573,C00064,substrate
R00575,C00064,substrate
R00576,C00064,substrate
R00577,C00064,substrate
R00578,C00064,substrate
R00579,C00064,substrate
R00768,C00064,substrate
R00986,C00064,substrate
R01072,C00064,product
R01149,C00064,substrate
R01231,C00064,substrate
R01375,C00064,substrate
R01716,C00064,substrate
R02576,C00064,substrate
R02781,C00064,substrate
R02895,C00064,substrate
R03652,C00064,substrate
R03905,C00064,product
R04011,C00064,substrate
R04212,C00064,product
R04463,C00064,substrate
R04558,C00064,substrate
R07456,C00064,substrate
R08244,C00064,substrate
R08855,C00064,substrate
R08890,C00064,substrate
R08891,C00064,substrate
R08956,C00064,product
R09195,C00064,substrate
R09598,C00064,substrate
R09599,C00064,substrate
R10089,C00064,substrate
R11515,C00064,substrate
R11941,C00064,substrate
R12352,C00064,substrate
R12478,C00064,product
R12507,C00064,substrate
R12590,C00064,substrate
R13608,C00064,substrate
R13610,C00064,substrate
R00220,C00065,substrate
R00581,C00065,substrate
R00582,C00065,product
R00584,C00065,substrate
R00585,C00065,substrate
R00586,C00065,substrate
R00588,C00065,substrate
R00589,C00065,substrate
R00590,C00065,substrate
R00674,C00065,substrate
R00891,C00065,substrate
R00945,C00065,product
R01281,C00065,substrate
R01289,C00065,substrate
R01290,C00065,substrate
R01800,C00065,substrate
R02378,C00065,substrate
R02563,C00065,substrate
R02722,C00065,substrate
R02817,C00065,product
R03662,C00065,substrate
R03923,C00065,product
R04942,C00065,substrate
R06126,C00065,substrate
R07376,C00065,substrate
R07377,C00065,substrate
R08218,C00065,substrate
R09099,C00065,substrate
R10255,C00065,substrate
R10441,C00065,substrate
R10880,C00065,substrate
R10984,C00065,substrate
R10985,C00065,substrate
R10986,C00065,substrate
R11667,C00065,substrate
R12342,C00065,substrate
R12344,C00065,substrate
R12757,C00065,substrate
R12779,C00065,substrate
R12781,C00065,substrate
R13249,C00065,substrate
R13576,C00065,substrate
R00489,C00099,product
R00904,C00099,product
R00905,C00099,product
R00906,C00099,product
R00907,C00099,product
R00908,C00099,substrate
R00909,C00099,product
R00910,C00099,substrate
R00911,C00099,product
R00912,C00099,substrate
R00913,C00099,product
R00914,C00099,substrate
R00915,C00099,substrate
R00916,C00099,substrate
R00917,C00099,substrate
R01164,C00099,substrate
R01166,C00099,product
R02473,C00099,substrate
R02474,C00099,product
R02741,C00099,substrate
R03286,C00099,substrate
R03288,C00099,product
R03935,C00099,product
R09379,C00099,substrate
R09648,C00099,product
R10821,C00099,substrate
R00261,C00334,product
R01648,C00334,substrate
R01986,C00334,product
R01987,C00334,substrate
R01989,C00334,substrate
R01990,C00334,product
R01991,C00334,substrate
R01992,C00334,product
R02549,C00334,product
R07419,C00334,product
R10102,C00334,product
R10178,C00334,substrate
R10179,C00334,substrate
R00482,C00152,product
R00483,C00152,product
R00485,C00152,substrate
R00578,C00152,product
R01266,C00152,product
R01267,C00152,substrate
R01346,C00152,substrate
R01485,C00152,substrate
R03648,C00152,substrate
R10446,C00152,substrate
R01519,C00257,product
R01538,C00257,substrate
R01737,C00257,substrate
R01738,C00257,substrate
R01739,C00257,substrate
R01740,C00257,substrate
R01741,C00257,substrate
R01742,C00257,substrate
R10832,C00257,product
R00010,C01083,substrate
R01557,C01083,product
R02727,C01083,substrate
R02778,C01083,product
R02780,C01083,substrate
R07248,C01083,product
R07265,C01083,substrate
R08946,C01083,product
R09995,C01083,product
R10525,C01083,product
R10971,C01083,substrate
R11256,C01083,product
R11306,C01083,product
R12287,C01083,substrate
R13275,C01083,substrate
R13277,C01083,product
R13278,C01083,product
R13280,C01083,product
R01158,C00135,product
R01159,C00135,substrate
R01160,C00135,substrate
R01161,C00135,substrate
R01163,C00135,product
R01164,C00135,substrate
R01166,C00135,product
R01167,C00135,substrate
R01168,C00135,substrate
R01169,C00135,substrate
R01991,C00135,substrate
R01992,C00135,product
R03655,C00135,substrate
R08412,C00135,substrate
R08413,C00135,substrate
R10523,C00135,substrate
R10686,C00135,substrate
R11015,C00135,substrate
R12313,C00135,substrate
R12436,C00135,substrate
R00552,C00327,product
R00665,C00327,substrate
R01398,C00327,product
R01954,C00327,substrate
R02513,C00327,product
R09107,C00327,product
R00830,C00430,product
R02271,C00430,substrate
R02272,C00430,substrate
R00259,C00624,product
R02282,C00624,product
R02649,C00624,substrate
R13097,C00624,product
R13098,C00624,substrate
R01184,C00191,product
R01476,C00191,substrate
R01478,C00191,product
R01480,C00191,product
R01481,C00191,product
R01482,C00191,substrate
R01483,C00191,product
R01484,C00191,product
R04512,C00191,product
R06143,C00191,product
R07818,C00191,product
R08127,C00191,product
R08260,C00191,product
R08615,C00191,product
R09447,C00191,substrate
R09533,C00191,product
R10134,C00191,product
R10830,C00191,product
R10842,C00191,substrate
R00085,C00020,product
R00087,C00020,product
R00103,C00020,product
R00122,C00020,product
R00127,C00020,substrate
R00157,C00020,substrate
R00160,C00020,product
R00181,C00020,substrate
R00182,C00020,substrate
R00183,C00020,substrate
R00184,C00020,product
R00185,C00020,product
R00187,C00020,product
R00188,C00020,product
R00189,C00020,product
R00190,C00020,substrate
R00191,C00020,product
R00199,C00020,product
R00206,C00020,product
R00235,C00020,product
R00236,C00020,product
R00257,C00020,product
R00322,C00020,product
R00333,C00020,substrate
R00381,C00020,product
R00382,C00020,product
R00389,C00020,product
R00390,C00020,product
R00429,C00020,product
R00436,C00020,product
R00483,C00020,product
R00531,C00020,product
R00542,C00020,product
R00578,C00020,product
R00619,C00020,product
R00686,C00020,product
R00735,C00020,product
R00860,C00020,substrate
R00925,C00020,product
R00926,C00020,product
R00951,C00020,product
R00982,C00020,product
R01049,C00020,product
R01054,C00020,product
R01075,C00020,product
R01083,C00020,product
R01176,C00020,product
R01230,C00020,product
R01231,C00020,product
R01280,C00020,product
R01300,C00020,product
R01357,C00020,product
R01406,C00020,product
R01407,C00020,product
R01422,C00020,product
R01423,C00020,product
R01490,C00020,substrate
R01558,C00020,product
R01568,C00020,product
R01571,C00020,substrate
R01598,C00020,product
R01616,C00020,product
R01723,C00020,product
R01885,C00020,product
R01943,C00020,product
R01954,C00020,product
R02194,C00020,product
R02221,C00020,product
R02255,C00020,product
R02473,C00020,product
R02539,C00020,product
R02677,C00020,product
R02699,C00020,product
R02711,C00020,product
R02718,C00020,product
R02794,C00020,product
R02918,C00020,product
R02986,C00020,product
R03004,C00020,product
R03036,C00020,product
R03038,C00020,product
R03209,C00020,product
R03258,C00020,product
R03383,C00020,product
R03503,C00020,product
R03570,C00020,product
R03595,C00020,product
R03613,C00020,product
R03631,C00020,product
R03646,C00020,product
R03647,C00020,product
R03648,C00020,product
R03650,C00020,product
R03651,C00020,product
R03652,C00020,product
R03654,C00020,product
R03655,C00020,product
R03656,C00020,product
R03657,C00020,product
R03658,C00020,product
R03659,C00020,product
R03660,C00020,product
R03661,C00020,product
R03662,C00020,product
R03663,C00020,product
R03664,C00020,product
R03665,C00020,product
R03762,C00020,product
R03876,C00020,product
R03932,C00020,product
R04030,C00020,product
R04036,C00020,product
R04038,C00020,substrate
R04157,C00020,product
R04230,C00020,product
R04274,C00020,product
R04449,C00020,product
R04507,C00020,product
R04562,C00020,product
R04563,C00020,product
R04580,C00020,product
R04582,C00020,product
R04604,C00020,product
R04773,C00020,product
R04863,C00020,product
R04927,C00020,substrate
R05145,C00020,product
R05451,C00020,product
R05452,C00020,product
R05467,C00020,product
R05537,C00020,product
R05577,C00020,product
R05578,C00020,product
R05620,C00020,product
R05625,C00020,product
R05717,C00020,substrate
R05804,C00020,product
R05805,C00020,product
R06368,C00020,product
R06409,C00020,product
R06410,C00020,product
R06515,C00020,product
R06583,C00020,product
R06731,C00020,product
R06746,C00020,product
R06751,C00020,product
R06777,C00020,product
R06778,C00020,product
R06944,C00020,product
R07176,C00020,substrate
R07325,C00020,product
R07416,C00020,product
R07461,C00020,product
R07636,C00020,product
R07640,C00020,product
R07646,C00020,product
R07771,C00020,product
R07887,C00020,product
R08088,C00020,product
R08117,C00020,product
R08218,C00020,product
R08244,C00020,product
R08553,C00020,substrate
R08576,C00020,product
R08578,C00020,product
R08700,C00020,product
R08733,C00020,product
R08738,C00020,product
R08743,C00020,substrate
R09084,C00020,product
R09085,C00020,product
R09086,C00020,product
R09195,C00020,product
R09279,C00020,product
R09286,C00020,substrate
R09379,C00020,product
R09475,C00020,product
R09589,C00020,product
R09591,C00020,product
R09597,C00020,product
R09735,C00020,product
R09881,C00020,product
R09882,C00020,product
R10003,C00020,product
R10090,C00020,product
R10091,C00020,product
R10267,C00020,product
R10268,C00020,product
R10453,C00020,product
R10496,C00020,product
R10543,C00020,product
R10544,C00020,product
R10556,C00020,product
R10613,C00020,product
R10648,C00020,product
R10711,C00020,product
R10767,C00020,product
R10768,C00020,product
R10769,C00020,product
R10770,C00020,product
R10771,C00020,product
R10820,C00020,product
R10822,C00020,product
R10836,C00020,substrate
R10940,C00020,product
R11084,C00020,product
R11104,C00020,product
R11143,C00020,product
R11279,C00020,product
R11319,C00020,product
R11367,C00020,product
R11370,C00020,product
R11392,C00020,product
R11515,C00020,product
R11535,C00020,product
R11632,C00020,product
R11679,C00020,substrate
R11723,C00020,product
R11775,C00020,product
R11872,C00020,product
R11873,C00020,product
R11922,C00020,product
R11923,C00020,product
R11924,C00020,product
R11925,C00020,product
R11926,C00020,product
R11941,C00020,product
R11950,C00020,product
R11964,C00020,product
R12017,C00020,product
R12057,C00020,product
R12060,C00020,product
R12062,C00020,product
R12064,C00020,product
R12066,C00020,product
R12148,C00020,product
R12235,C00020,substrate
R12271,C00020,product
R12300,C00020,product
R12308,C00020,product
R12311,C00020,product
R12312,C00020,product
R12342,C00020,product
R12352,C00020,product
R12353,C00020,product
R12354,C00020,product
R12394,C00020,product
R12395,C00020,product
R12397,C00020,product
R12398,C00020,product
R12419,C00020,product
R12429,C00020,product
R12433,C00020,product
R12435,C00020,product
R12449,C00020,product
R12450,C00020,product
R12485,C00020,product
R12494,C00020,product
R12495,C00020,product
R12573,C00020,product
R12574,C00020,product
R12575,C00020,product
R12577,C00020,product
R12590,C00020,product
R12594,C00020,product
R12596,C00020,product
R12598,C00020,product
R12599,C00020,product
R12633,C00020,product
R12641,C00020,product
R12642,C00020,product
R12722,C00020,product
R12723,C00020,product
R12726,C00020,product
R12727,C00020,product
R12729,C00020,product
R12730,C00020,product
R12766,C00020,product
R12767,C00020,product
R12773,C00020,product
R12774,C00020,product
R12776,C00020,product
R12777,C00020,product
R12780,C00020,product
R12781,C00020,product
R12783,C00020,product
R12784,C00020,product
R12789,C00020,product
R12804,C00020,product
R12805,C00020,product
R12812,C00020,product
R12863,C00020,product
R12867,C00020,product
R12871,C00020,product
R12873,C00020,product
R12875,C00020,product
R12904,C00020,product
R12943,C00020,product
R12968,C00020,product
R13030,C00020,product
R13207,C00020,product
R13241,C00020,product
R13274,C00020,product
R13315,C00020,product
R13316,C00020,product
R13318,C00020,product
R13319,C00020,product
R13461,C00020,product
R13496,C00020,product
R13498,C00020,product
R13506,C00020,product
R13507,C00020,product
R13510,C00020,product
R13511,C00020,product
R13530,C00020,product
R13531,C00020,product
R13532,C00020,product
R13533,C00020,product
R13534,C00020,product
R13536,C00020,product
R13576,C00020,product
R13578,C00020,product
R13579,C00020,product
R13580,C00020,product
R13581,C00020,product
R13582,C00020,product
R13584,C00020,product
R13585,C00020,product
R13587,C00020,product
R13591,C00020,product
R13592,C00020,product
R13595,C00020,product
R13596,C00020,product
R13601,C00020,product
R13602,C00020,product
R13603,C00020,product
R13608,C00020,substrate
R13609,C00020,product
R13610,C00020,product
R13633,C00020,substrate
R01103,C00492,substrate
R02410,C00492,substrate
R02411,C00492,product
R03418,C00492,substrate
R03634,C00492,product
R00239,C00025,substrate
R00243,C00025,substrate
R00245,C00025,product
R00248,C00025,substrate
R00250,C00025,substrate
R00251,C00025,product
R00253,C00025,substrate
R00254,C00025,substrate
R00256,C00025,product
R00257,C00025,product
R00258,C00025,product
R00259,C00025,substrate
R00260,C00025,substrate
R00261,C00025,substrate
R00262,C00025,product
R00263,C00025,substrate
R00355,C00025,product
R00372,C00025,product
R00411,C00025,product
R00457,C00025,product
R00494,C00025,product
R00525,C00025,product
R00573,C00025,product
R00575,C00025,product
R00578,C00025,product
R00609,C00025,product
R00667,C00025,product
R00668,C00025,product
R00684,C00025,product
R00694,C00025,product
R00707,C00025,product
R00708,C00025,product
R00734,C00025,product
R00768,C00025,product
R00894,C00025,substrate
R00895,C00025,product
R00908,C00025,product
R00942,C00025,substrate
R00986,C00025,product
R01072,C00025,substrate
R01090,C00025,product
R01155,C00025,product
R01161,C00025,product
R01214,C00025,product
R01231,C00025,product
R01339,C00025,substrate
R01585,C00025,substrate
R01586,C00025,substrate
R01648,C00025,product
R01654,C00025,substrate
R01684,C00025,product
R01716,C00025,product
R01939,C00025,product
R01956,C00025,product
R02040,C00025,product
R02077,C00025,product
R02199,C00025,product
R02237,C00025,substrate
R02274,C00025,product
R02282,C00025,substrate
R02283,C00025,product
R02285,C00025,product
R02287,C00025,substrate
R02313,C00025,product
R02315,C00025,product
R02433,C00025,product
R02619,C00025,product
R02700,C00025,product
R02772,C00025,product
R02773,C00025,product
R02929,C00025,substrate
R02930,C00025,product
R03053,C00025,product
R03120,C00025,product
R03189,C00025,substrate
R03207,C00025,product
R03243,C00025,product
R03266,C00025,product
R03651,C00025,substrate
R03905,C00025,substrate
R03916,C00025,product
R03952,C00025,product
R03970,C00025,substrate
R03971,C00025,substrate
R04028,C00025,product
R04029,C00025,product
R04051,C00025,substrate
R04171,C00025,product
R04173,C00025,product
R04188,C00025,product
R04212,C00025,substrate
R04217,C00025,product
R04234,C00025,product
R04241,C00025,substrate
R04269,C00025,product
R04338,C00025,product
R04438,C00025,product
R04463,C00025,product
R04467,C00025,product
R04475,C00025,product
R04529,C00025,product
R04558,C00025,product
R04776,C00025,substrate
R05052,C00025,product
R05085,C00025,product
R05207,C00025,substrate
R05507,C00025,product
R05578,C00025,substrate
R06423,C00025,substrate
R06426,C00025,substrate
R06586,C00025,substrate
R06631,C00025,substrate
R06634,C00025,product
R06977,C00025,substrate
R07275,C00025,product
R07276,C00025,product
R07277,C00025,product
R07396,C00025,substrate
R07414,C00025,substrate
R07419,C00025,product
R07456,C00025,product
R07613,C00025,product
R07643,C00025,substrate
R07659,C00025,substrate
R08244,C00025,product
R08855,C00025,product
R08897,C00025,product
R08903,C00025,product
R08905,C00025,substrate
R08906,C00025,substrate
R08931,C00025,substrate
R08956,C00025,substrate
R09195,C00025,product
R09399,C00025,substrate
R09400,C00025,substrate
R09401,C00025,substrate
R09495,C00025,product
R09594,C00025,substrate
R09598,C00025,product
R09599,C00025,product
R09778,C00025,substrate
R09824,C00025,product
R09825,C00025,product
R09875,C00025,product
R10086,C00025,substrate
R10089,C00025,product
R10094,C00025,product
R10141,C00025,substrate
R10153,C00025,substrate
R10460,C00025,product
R10677,C00025,substrate
R10678,C00025,substrate
R10687,C00025,product
R10688,C00025,product
R10693,C00025,substrate
R10698,C00025,product
R10772,C00025,substrate
R10845,C00025,product
R10902,C00025,substrate
R10929,C00025,substrate
R10932,C00025,substrate
R10991,C00025,product
R10993,C00025,substrate
R11021,C00025,product
R11118,C00025,substrate
R11269,C00025,product
R11270,C00025,product
R11285,C00025,product
R11291,C00025,substrate
R11297,C00025,substrate
R11298,C00025,substrate
R11299,C00025,substrate
R11395,C00025,product
R11409,C00025,substrate
R11475,C00025,product
R11515,C00025,product
R11561,C00025,product
R11607,C00025,product
R11705,C00025,substrate
R11792,C00025,product
R11793,C00025,product
R11794,C00025,product
R11795,C00025,product
R11960,C00025,substrate
R11963,C00025,substrate
R12214,C00025,product
R12251,C00025,product
R12272,C00025,substrate
R12352,C00025,product
R12410,C00025,substrate
R12412,C00025,product
R12590,C00025,product
R12606,C00025,substrate
R12663,C00025,substrate
R12688,C00025,product
R12728,C00025,substrate
R12730,C00025,substrate
R12906,C00025,substrate
R12936,C00025,product
R13098,C00025,product
R13148,C00025,product
R13305,C00025,product
R13442,C00025,substrate
R13554,C00025,substrate
R02370,C05822,substrate
R03929,C05822,product
R00494,C00051,substrate
R00497,C00051,product
R00499,C00051,product
R00527,C00051,product
R00547,C00051,product
R00900,C00051,substrate
R01111,C00051,product
R01262,C00051,substrate
R01736,C00051,product
R01917,C00051,substrate
R01918,C00051,product
R02530,C00051,product
R03059,C00051,substrate
R03082,C00051,substrate
R03522,C00051,substrate
R03822,C00051,substrate
R03956,C00051,substrate
R04090,C00051,product
R04860,C00051,product
R05714,C00051,substrate
R06982,C00051,substrate
R07002,C00051,substrate
R07003,C00051,substrate
R07004,C00051,substrate
R07023,C00051,substrate
R07024,C00051,substrate
R07025,C00051,substrate
R07026,C00051,substrate
R07069,C00051,substrate
R07070,C00051,substrate
R07083,C00051,substrate
R07084,C00051,substrate
R07091,C00051,substrate
R07092,C00051,substrate
R07093,C00051,substrate
R07094,C00051,substrate
R07100,C00051,substrate
R07113,C00051,substrate
R07116,C00051,substrate
R07124,C00051,product
R08280,C00051,substrate
R08350,C00051,product
R08351,C00051,product
R08352,C00051,substrate
R08353,C00051,substrate
R08354,C00051,substrate
R08355,C00051,substrate
R08511,C00051,substrate
R08512,C00051,substrate
R08678,C00051,product
R09368,C00051,substrate
R09409,C00051,substrate
R11411,C00051,product
R11650,C00051,substrate
R11652,C00051,substrate
R11659,C00051,substrate
R11734,C00051,substrate
R11736,C00051,substrate
R11737,C00051,substrate
R11739,C00051,substrate
R11861,C00051,substrate
R11905,C00051,substrate
R11929,C00051,substrate
R11947,C00051,product
R12946,C00051,substrate
R00355,C00049,substrate
R00357,C00049,substrate
R00373,C00049,product
R00397,C00049,substrate
R00400,C00049,product
R00480,C00049,substrate
R00481,C00049,substrate
R00482,C00049,substrate
R00483,C00049,substrate
R00484,C00049,product
R00485,C00049,product
R00486,C00049,product
R00487,C00049,substrate
R00488,C00049,product
R00489,C00049,substrate
R00490,C00049,substrate
R00491,C00049,substrate
R00493,C00049,substrate
R00526,C00049,product
R00546,C00049,product
R00578,C00049,substrate
R00695,C00049,substrate
R00777,C00049,product
R01135,C00049,substrate
R01397,C00049,substrate
R01713,C00049,product
R01731,C00049,product
R01954,C00049,substrate
R03421,C00049,product
R03647,C00049,substrate
R04591,C00049,substrate
R05577,C00049,substrate
R07164,C00049,substrate
R07165,C00049,substrate
R07407,C00049,substrate
R07410,C00049,substrate
R08478,C00049,substrate
R09592,C00049,substrate
R09805,C00049,product
R12513,C00049,product
R12786,C00049,substrate
R12907,C00049,substrate
R12908,C00049,substrate
R13190,C00049,product
R13306,C00049,substrate
R00328,C00144,product
R00332,C00144,substrate
R00426,C00144,product
R00881,C00144,product
R01134,C00144,product
R01227,C00144,substrate
R01228,C00144,product
R01229,C00144,substrate
R01230,C00144,product
R01231,C00144,product
R01232,C00144,product
R01233,C00144,product
R01234,C00144,product
R03924,C00144,product
R05223,C00144,substrate
R09398,C00144,product
R10537,C00144,product
R10823,C00144,product
R11174,C00144,product
R12648,C00144,product
R12649,C00144,product
R00414,C00043,substrate
R00416,C00043,product
R00417,C00043,substrate
R00418,C00043,substrate
R00420,C00043,substrate
R00421,C00043,substrate
R00422,C00043,substrate
R00423,C00043,substrate
R00504,C00043,substrate
R00660,C00043,substrate
R01007,C00043,substrate
R01008,C00043,substrate
R01996,C00043,substrate
R02335,C00043,substrate
R02654,C00043,substrate
R02717,C00043,substrate
R02789,C00043,substrate
R02790,C00043,substrate
R03513,C00043,substrate
R03514,C00043,substrate
R04291,C00043,substrate
R04451,C00043,substrate
R04493,C00043,substrate
R04494,C00043,substrate
R04567,C00043,substrate
R04575,C00043,substrate
R04619,C00043,substrate
R04636,C00043,substrate
R04642,C00043,substrate
R04653,C00043,substrate
R04654,C00043,substrate
R04659,C00043,substrate
R04662,C00043,substrate
R04665,C00043,substrate
R05032,C00043,substrate
R05662,C00043,substrate
R05969,C00043,substrate
R07258,C00043,substrate
R07259,C00043,substrate
R07334,C00043,substrate
R07397,C00043,substrate
R08856,C00043,substrate
R08894,C00043,substrate
R08900,C00043,substrate
R09634,C00043,substrate
R09676,C00043,substrate
R09677,C00043,substrate
R09697,C00043,substrate
R09946,C00043,substrate
R10137,C00043,substrate
R10266,C00043,substrate
R10596,C00043,substrate
R10785,C00043,substrate
R11115,C00043,substrate
R11282,C00043,substrate
R11879,C00043,substrate
R12920,C00043,substrate
R12944,C00043,substrate
R00418,C00203,product
R01537,C00203,substrate
R02183,C00203,substrate
R03490,C00203,substrate
R04182,C00203,substrate
R04423,C00203,substrate
R04584,C00203,substrate
R04603,C00203,substrate
R04615,C00203,substrate
R04645,C00203,substrate
R05108,C00203,substrate
R05109,C00203,substrate
R05631,C00203,substrate
R06894,C00203,substrate
R10183,C00203,product
R10188,C00203,substrate
R10435,C00203,substrate
R10465,C00203,substrate
R10620,C00203,substrate
R12962,C00203,substrate
R13540,C00203,substrate
R00402,C00122,product
R00408,C00122,product
R00412,C00122,product
R00490,C00122,product
R01082,C00122,product
R01083,C00122,product
R01085,C00122,product
R01086,C00122,product
R01087,C00122,product
R01336,C00122,product
R01364,C00122,substrate
R01867,C00122,substrate
R02164,C00122,product
R04559,C00122,product
R05598,C00122,substrate
R06789,C00122,product
R06903,C00122,substrate
R10660,C00122,substrate
R10940,C00122,substrate
R12851,C00122,product
R12947,C00122,product
R13137,C00122,product
R13223,C00122,product
R00291,C00052,product
R00501,C00052,substrate
R00502,C00052,product
R00503,C00052,substrate
R00504,C00052,substrate
R00505,C00052,substrate
R00506,C00052,substrate
R00809,C00052,substrate
R00853,C00052,substrate
R00854,C00052,substrate
R00955,C00052,product
R01192,C00052,substrate
R01205,C00052,substrate
R01500,C00052,substrate
R01535,C00052,substrate
R01928,C00052,substrate
R01997,C00052,substrate
R02691,C00052,substrate
R02791,C00052,substrate
R03354,C00052,substrate
R03380,C00052,substrate
R03486,C00052,substrate
R03679,C00052,substrate
R03981,C00052,substrate
R04016,C00052,substrate
R04322,C00052,substrate
R04334,C00052,substrate
R04431,C00052,substrate
R04469,C00052,substrate
R04495,C00052,substrate
R04531,C00052,substrate
R04548,C00052,substrate
R04610,C00052,substrate
R04631,C00052,substrate
R04644,C00052,substrate
R05080,C00052,product
R05107,C00052,product
R05110,C00052,substrate
R05111,C00052,substrate
R06808,C00052,substrate
R09753,C00052,substrate
R09755,C00052,substrate
R10240,C00052,substrate
R10432,C00052,substrate
R10433,C00052,substrate
R10436,C00052,substrate
R10440,C00052,substrate
R10804,C00052,substrate
R10865,C00052,substrate
R11599,C00052,substrate
R11714,C00052,substrate
R13152,C00052,substrate
R01289,C00542,product
R02508,C00542,substrate
R01164,C00386,product
R01166,C00386,substrate
R02144,C00386,substrate
R00551,C00062,substrate
R00552,C00062,substrate
R00554,C00062,substrate
R00558,C00062,substrate
R00559,C00062,substrate
R00562,C00062,product
R00563,C00062,product
R00565,C00062,substrate
R00566,C00062,substrate
R00567,C00062,substrate
R00735,C00062,substrate
R00832,C00062,substrate
R00912,C00062,substrate
R01086,C00062,product
R01686,C00062,substrate
R01886,C00062,product
R01989,C00062,substrate
R03477,C00062,substrate
R03646,C00062,substrate
R05465,C00062,substrate
R05547,C00062,substrate
R08197,C00062,substrate
R09363,C00062,substrate
R09593,C00062,substrate
R09785,C00062,substrate
R10081,C00062,substrate
R10107,C00062,substrate
R10880,C00062,substrate
R11031,C00062,product
R11032,C00062,product
R11033,C00062,substrate
R11085,C00062,substrate
R11604,C00062,substrate
R12506,C00062,substrate
R12572,C00062,substrate
R12573,C00062,substrate
R12706,C00062,product
R12707,C00062,product
R12929,C00062,substrate
R13305,C00062,substrate
R13308,C00062,substrate
R13429,C00062,substrate
R00339,C00898,substrate
R01751,C00898,substrate
R02546,C00898,substrate
R06180,C00898,substrate
R00267,C00311,substrate
R00479,C00311,substrate
R00709,C00311,substrate
R01324,C00311,product
R01899,C00311,substrate
R01900,C00311,substrate
R01946,C00311,substrate
R00445,C00047,substrate
R00446,C00047,substrate
R00447,C00047,substrate
R00448,C00047,substrate
R00449,C00047,substrate
R00451,C00047,product
R00452,C00047,product
R00453,C00047,substrate
R00454,C00047,substrate
R00457,C00047,substrate
R00458,C00047,product
R00459,C00047,substrate
R00460,C00047,substrate
R00461,C00047,substrate
R00462,C00047,substrate
R00463,C00047,product
R00545,C00047,product
R00612,C00047,product
R00715,C00047,product
R00716,C00047,product
R00910,C00047,substrate
R00911,C00047,product
R01077,C00047,product
R01396,C00047,substrate
R01620,C00047,substrate
R02786,C00047,substrate
R03095,C00047,substrate
R03658,C00047,substrate
R07598,C00047,substrate
R07646,C00047,substrate
R08125,C00047,product
R09597,C00047,substrate
R09779,C00047,product
R10010,C00047,substrate
R10011,C00047,substrate
R10054,C00047,substrate
R10277,C00047,substrate
R10699,C00047,substrate
R11190,C00047,product
R11862,C00047,product
R12407,C00047,substrate
R12506,C00047,substrate
R13534,C00047,substrate
R13535,C00047,substrate
R00551,C00077,product
R00565,C00077,product
R00664,C00077,substrate
R00665,C00077,product
R00666,C00077,product
R00667,C00077,substrate
R00668,C00077,substrate
R00669,C00077,product
R00670,C00077,substrate
R00671,C00077,substrate
R00672,C00077,substrate
R01343,C00077,substrate
R01398,C00077,substrate
R01686,C00077,product
R01989,C00077,product
R02282,C00077,product
R03477,C00077,product
R05547,C00077,product
R10466,C00077,product
R10789,C00077,substrate
R10790,C00077,substrate
R10933,C00077,product
R11801,C00077,substrate
R12506,C00077,product
R13308,C00077,product
R13429,C00077,product
R13430,C00077,product
R13585,C00077,substrate
R01974,C00637,product
R02173,C00637,product
R02678,C00637,substrate
R02679,C00637,product
R02680,C00637,product
R02681,C00637,substrate
R08606,C00637,product
R00102,C00153,product
R00119,C00153,product
R00555,C00153,product
R01268,C00153,substrate
R01269,C00153,substrate
R01270,C00153,product
R01271,C00153,product
R01273,C00153,product
R02294,C00153,product
R03447,C00153,product
R04074,C00153,product
R04176,C00153,product
R10629,C00153,product
R10631,C00153,product
R10633,C00153,product
R10634,C00153,product
R10685,C00153,product
R12026,C00153,product
R13186,C00153,product
R01411,C00178,product
R01412,C00178,substrate
R01413,C00178,substrate
R01414,C00178,product
R01415,C00178,product
R01570,C00178,product
R02806,C00178,product
R09937,C00178,substrate
R11026,C00178,product
R12546,C00178,substrate
R12547,C00178,substrate
R12956,C00178,product
R02341,C15587,product
R08368,C15587,product
R10244,C15587,product
R01023,C01996,product
R01026,C01996,substrate
R01483,C02670,substrate
R02957,C02670,substrate
R03183,C02670,product
R01708,C00314,substrate
R01711,C00314,substrate
R01909,C00314,substrate
R01910,C00314,substrate
R01911,C00314,substrate
R01912,C00314,substrate
R01913,C00314,substrate
R05840,C00314,product
R07154,C00314,substrate
R01074,C00120,substrate
R01075,C00120,substrate
R01077,C00120,product
R01078,C00120,product
R04562,C00120,substrate
R04563,C00120,substrate
R04582,C00120,substrate
R04604,C00120,substrate
R10127,C00120,product
R01884,C00791,substrate
R02922,C00791,substrate
R07420,C00791,product
R02976,C00836,substrate
R02978,C00836,substrate
R02979,C00836,substrate
R06517,C00836,substrate
R06518,C00836,product
R06520,C00836,product
R06525,C00836,substrate
R00699,C05332,product
R02612,C05332,substrate
R02613,C05332,substrate
R07301,C05332,product
R01411,C02376,substrate
R00510,C00380,product
R00974,C00380,substrate
R02137,C00380,product
R02296,C00380,product
R10837,C00380,product
R00685,C00398,product
R02173,C00398,substrate
R02174,C00398,substrate
R03738,C00398,product
R05895,C00398,substrate
R08481,C00398,substrate
R08482,C00398,substrate
R08483,C00398,substrate
R08484,C00398,substrate
R08604,C00398,substrate
R11912,C00398,substrate
R12659,C00398,substrate
R01664,C00881,product
R01666,C00881,substrate
R02321,C00881,substrate
R02485,C00881,substrate
R00736,C00483,product
R02382,C00483,substrate
R02383,C00483,substrate
R02384,C00483,substrate
R02385,C00483,substrate
R08436,C00483,substrate
R10902,C00483,substrate
R01721,C01004,product
R03271,C03375,product
R09082,C03375,product
R11088,C03375,substrate
R01710,C00534,substrate
R01712,C00534,substrate
R01713,C00534,substrate
R02493,C00534,substrate
R02494,C00534,substrate
R05839,C00534,substrate
R01154,C02714,product
R01156,C02714,substrate
R04025,C02714,substrate
R03732,C01826,product
R00089,C00575,product
R00191,C00575,substrate
R11619,C00575,substrate
R00905,C02642,substrate
R02269,C02642,product
R01167,C00388,product
R02150,C00388,substrate
R02152,C00388,substrate
R02155,C00388,substrate
R07643,C00388,substrate
R06979,C06231,product
R08050,C06231,substrate
R09800,C06231,substrate
R02395,C00487,substrate
R02396,C00487,substrate
R02397,C00487,product
R02398,C00487,substrate
R04065,C02835,product
R04066,C02835,substrate
R04068,C02835,substrate
R01566,C00300,substrate
R01881,C00300,substrate
R01882,C00300,product
R01883,C00300,product
R01884,C00300,product
R00810,C01742,product
R13126,C01742,substrate
R00565,C00581,product
R00775,C00581,substrate
R01883,C00581,substrate
R02575,C00581,substrate
R02273,C00431,product
R02274,C00431,substrate
R02276,C00431,product
R02825,C00431,substrate
R12215,C00431,product
R01101,C05402,substrate
R02410,C05402,product
R05549,C05402,product
R01117,C00270,substrate
R01803,C00270,substrate
R01804,C00270,substrate
R01805,C00270,product
R01806,C00270,substrate
R01810,C00270,product
R01811,C00270,substrate
R03491,C00270,substrate
R04018,C00270,substrate
R04634,C00270,product
R04650,C00270,substrate
R05115,C00270,substrate
R05117,C00270,product
R05996,C00270,substrate
R05998,C00270,product
R05999,C00270,substrate
R06012,C00270,product
R06147,C00270,substrate
R06253,C00270,substrate
R08600,C00270,product
R08601,C00270,product
R13501,C00270,substrate
R01200,C00329,product
R01204,C00329,substrate
R01961,C00329,substrate
R01962,C00329,substrate
R01963,C00329,product
R01964,C00329,substrate
R01965,C00329,substrate
R01966,C00329,substrate
R02631,C00329,substrate
R06225,C00329,substrate
R08715,C00329,product
R12594,C00329,substrate
R08367,C02262,substrate
R00103,C00455,product
R00137,C00455,substrate
R00382,C00455,product
R01270,C00455,substrate
R01271,C00455,substrate
R02322,C00455,substrate
R02323,C00455,substrate
R02324,C00455,product
R01321,C00307,substrate
R01890,C00307,product
R01891,C00307,substrate
R01929,C00307,substrate
R03110,C00307,substrate
R04321,C00307,substrate
R07389,C00307,substrate
R09538,C00307,substrate
R12821,C00307,substrate
R12822,C00307,substrate
R00155,C00015,substrate
R00156,C00015,substrate
R00157,C00015,product
R00158,C00015,product
R00159,C00015,product
R00292,C00015,product
R00414,C00015,product
R00417,C00015,product
R00438,C00015,product
R00503,C00015,product
R00506,C00015,product
R00659,C00015,product
R00766,C00015,product
R00769,C00015,product
R00806,C00015,product
R00809,C00015,product
R00836,C00015,product
R00853,C00015,product
R00854,C00015,product
R01005,C00015,product
R01008,C00015,product
R01192,C00015,product
R01205,C00015,product
R01240,C00015,product
R01304,C00015,product
R01383,C00015,product
R01472,C00015,product
R01474,C00015,product
R01497,C00015,product
R01500,C00015,product
R01722,C00015,product
R01912,C00015,product
R01928,C00015,product
R01994,C00015,product
R01995,C00015,product
R01996,C00015,product
R01997,C00015,product
R02018,C00015,product
R02113,C00015,product
R02118,C00015,product
R02119,C00015,product
R02158,C00015,product
R02179,C00015,product
R02183,C00015,product
R02256,C00015,product
R02335,C00015,product
R02358,C00015,product
R02380,C00015,product
R02388,C00015,product
R02478,C00015,product
R02502,C00015,product
R02594,C00015,product
R02654,C00015,product
R02689,C00015,product
R02691,C00015,product
R02707,C00015,substrate
R02709,C00015,product
R02716,C00015,product
R02717,C00015,product
R02737,C00015,product
R02789,C00015,product
R02790,C00015,product
R02791,C00015,product
R02889,C00015,product
R02897,C00015,product
R02902,C00015,product
R02932,C00015,product
R02951,C00015,product
R03078,C00015,product
R03079,C00015,product
R03091,C00015,product
R03094,C00015,product
R03118,C00015,product
R03190,C00015,product
R03213,C00015,product
R03238,C00015,product
R03267,C00015,product
R03268,C00015,product
R03297,C00015,product
R03354,C00015,product
R03380,C00015,product
R03486,C00015,product
R03490,C00015,product
R03513,C00015,product
R03514,C00015,product
R03526,C00015,product
R03547,C00015,product
R03548,C00015,product
R03558,C00015,product
R03565,C00015,product
R03573,C00015,product
R03574,C00015,product
R03588,C00015,product
R03589,C00015,product
R03594,C00015,product
R03605,C00015,product
R03625,C00015,product
R03679,C00015,product
R03680,C00015,product
R03681,C00015,product
R03686,C00015,product
R03710,C00015,product
R03797,C00015,product
R03880,C00015,product
R03928,C00015,product
R03981,C00015,product
R03996,C00015,product
R04005,C00015,product
R04016,C00015,product
R04071,C00015,product
R04108,C00015,product
R04127,C00015,product
R04182,C00015,product
R04296,C00015,product
R04322,C00015,product
R04334,C00015,product
R04335,C00015,product
R04343,C00015,product
R04352,C00015,product
R04353,C00015,product
R04354,C00015,product
R04359,C00015,product
R04377,C00015,product
R04423,C00015,product
R04431,C00015,product
R04451,C00015,product
R04469,C00015,product
R04477,C00015,product
R04491,C00015,product
R04493,C00015,product
R04494,C00015,product
R04495,C00015,product
R04526,C00015,product
R04531,C00015,product
R04548,C00015,product
R04575,C00015,product
R04577,C00015,product
R04579,C00015,product
R04584,C00015,product
R04603,C00015,product
R04606,C00015,product
R04607,C00015,product
R04610,C00015,product
R04615,C00015,product
R04619,C00015,product
R04631,C00015,product
R04636,C00015,product
R04642,C00015,product
R04644,C00015,product
R04645,C00015,product
R04653,C00015,product
R04654,C00015,product
R04659,C00015,product
R04662,C00015,product
R04665,C00015,product
R04683,C00015,product
R04900,C00015,product
R04948,C00015,product
R05032,C00015,product
R05080,C00015,substrate
R05083,C00015,product
R05107,C00015,substrate
R05108,C00015,product
R05109,C00015,product
R05110,C00015,product
R05111,C00015,product
R05164,C00015,product
R05324,C00015,product
R05325,C00015,product
R05566,C00015,product
R05631,C00015,product
R05662,C00015,product
R05769,C00015,product
R05882,C00015,product
R06047,C00015,product
R06048,C00015,product
R06534,C00015,product
R06535,C00015,product
R06536,C00015,product
R06546,C00015,product
R06547,C00015,product
R06611,C00015,product
R06795,C00015,product
R06802,C00015,product
R06803,C00015,product
R06804,C00015,product
R06805,C00015,product
R06808,C00015,product
R06810,C00015,product
R06811,C00015,product
R06812,C00015,product
R06813,C00015,product
R06814,C00015,product
R06818,C00015,product
R06819,C00015,product
R06820,C00015,product
R06826,C00015,product
R06827,C00015,product
R06828,C00015,product
R06829,C00015,product
R06867,C00015,product
R07106,C00015,product
R07258,C00015,product
R07259,C00015,product
R07260,C00015,product
R07266,C00015,product
R07332,C00015,product
R07333,C00015,product
R07334,C00015,product
R07335,C00015,product
R07336,C00015,product
R07337,C00015,product
R07338,C00015,product
R07339,C00015,product
R07340,C00015,product
R07397,C00015,product
R07426,C00015,product
R07575,C00015,product
R07661,C00015,product
R07718,C00015,product
R07720,C00015,product
R07729,C00015,product
R07740,C00015,product
R07753,C00015,product
R07874,C00015,product
R07875,C00015,product
R07877,C00015,product
R07878,C00015,product
R07879,C00015,product
R07903,C00015,product
R07911,C00015,product
R07912,C00015,product
R07913,C00015,product
R07914,C00015,product
R07923,C00015,product
R07932,C00015,product
R08006,C00015,product
R08007,C00015,product
R08013,C00015,product
R08021,C00015,product
R08022,C00015,product
R08075,C00015,product
R08076,C00015,product
R08128,C00015,product
R08164,C00015,product
R08259,C00015,product
R08261,C00015,product
R08262,C00015,product
R08263,C00015,product
R08369,C00015,product
R08533,C00015,product
R08534,C00015,product
R08615,C00015,product
R08661,C00015,product
R08668,C00015,product
R08687,C00015,product
R08813,C00015,product
R08814,C00015,product
R08816,C00015,product
R08817,C00015,product
R08822,C00015,product
R08824,C00015,product
R08830,C00015,product
R08839,C00015,product
R08859,C00015,product
R08894,C00015,product
R08900,C00015,product
R09426,C00015,product
R09427,C00015,product
R09428,C00015,product
R09529,C00015,product
R09634,C00015,product
R09635,C00015,product
R09636,C00015,product
R09676,C00015,product
R09677,C00015,product
R09732,C00015,product
R09753,C00015,product
R09754,C00015,product
R09755,C00015,product
R09757,C00015,product
R09758,C00015,product
R09759,C00015,product
R09802,C00015,product
R09803,C00015,product
R09804,C00015,product
R09834,C00015,product
R09857,C00015,product
R10037,C00015,product
R10096,C00015,product
R10187,C00015,product
R10188,C00015,product
R10240,C00015,product
R10256,C00015,product
R10257,C00015,product
R10262,C00015,product
R10263,C00015,product
R10264,C00015,product
R10265,C00015,product
R10290,C00015,product
R10291,C00015,product
R10292,C00015,product
R10293,C00015,product
R10294,C00015,product
R10295,C00015,product
R10424,C00015,product
R10425,C00015,product
R10426,C00015,product
R10427,C00015,product
R10432,C00015,product
R10433,C00015,product
R10434,C00015,product
R10435,C00015,product
R10436,C00015,product
R10440,C00015,product
R10594,C00015,product
R10596,C00015,product
R10607,C00015,product
R10609,C00015,product
R10620,C00015,product
R10638,C00015,product
R10639,C00015,product
R10804,C00015,product
R10807,C00015,product
R10834,C00015,product
R10835,C00015,product
R10850,C00015,product
R10865,C00015,product
R10988,C00015,product
R10989,C00015,product
R10990,C00015,product
R11115,C00015,product
R11224,C00015,product
R11241,C00015,product
R11271,C00015,product
R11272,C00015,product
R11278,C00015,product
R11282,C00015,product
R11289,C00015,product
R11306,C00015,product
R11599,C00015,product
R11714,C00015,product
R11879,C00015,product
R11939,C00015,product
R11972,C00015,product
R12045,C00015,product
R12046,C00015,product
R12047,C00015,product
R12088,C00015,product
R12100,C00015,product
R12160,C00015,product
R12290,C00015,product
R12382,C00015,product
R12383,C00015,product
R12384,C00015,product
R12385,C00015,product
R12386,C00015,product
R12387,C00015,product
R12388,C00015,product
R12389,C00015,product
R12469,C00015,product
R12470,C00015,product
R12471,C00015,product
R12559,C00015,product
R12564,C00015,product
R12916,C00015,product
R12944,C00015,product
R12962,C00015,product
R12995,C00015,product
R13152,C00015,product
R13153,C00015,product
R13154,C00015,product
R13157,C00015,product
R13158,C00015,product
R13159,C00015,product
R13160,C00015,product
R13161,C00015,product
R13162,C00015,product
R13163,C00015,product
R13164,C00015,product
R13372,C00015,product
R13540,C00015,product
R00086,C00008,product
R00104,C00008,product
R00105,C00008,product
R00122,C00008,substrate
R00123,C00008,substrate
R00124,C00008,substrate
R00124,C00008,product
R00126,C00008,substrate
R00129,C00008,product
R00130,C00008,product
R00139,C00008,product
R00140,C00008,substrate
R00141,C00008,product
R00150,C00008,product
R00156,C00008,product
R00157,C00008,product
R00158,C00008,product
R00162,C00008,product
R00174,C00008,product
R00185,C00008,product
R00187,C00008,product
R00200,C00008,product
R00229,C00008,product
R00239,C00008,product
R00251,C00008,product
R00253,C00008,product
R00299,C00008,product
R00315,C00008,product
R00330,C00008,product
R00331,C00008,product
R00332,C00008,product
R00333,C00008,product
R00334,C00008,product
R00341,C00008,product
R00344,C00008,product
R00352,C00008,product
R00405,C00008,product
R00437,C00008,product
R00480,C00008,product
R00482,C00008,product
R00497,C00008,product
R00509,C00008,product
R00512,C00008,product
R00513,C00008,product
R00518,C00008,product
R00530,C00008,substrate
R00549,C00008,product
R00554,C00008,product
R00570,C00008,product
R00571,C00008,product
R00573,C00008,product
R00616,C00008,product
R00617,C00008,product
R00722,C00008,product
R00742,C00008,product
R00756,C00008,product
R00760,C00008,product
R00774,C00008,product
R00847,C00008,product
R00866,C00008,product
R00867,C00008,product
R00894,C00008,product
R00910,C00008,product
R00912,C00008,product
R00920,C00008,product
R00942,C00008,product
R00943,C00008,product
R00949,C00008,product
R00964,C00008,product
R01011,C00008,product
R01021,C00008,product
R01050,C00008,product
R01051,C00008,product
R01052,C00008,substrate
R01053,C00008,product
R01059,C00008,product
R01092,C00008,product
R01121,C00008,product
R01131,C00008,product
R01137,C00008,product
R01150,C00008,product
R01164,C00008,product
R01201,C00008,product
R01228,C00008,product
R01256,C00008,product
R01322,C00008,product
R01326,C00008,product
R01353,C00008,product
R01395,C00008,product
R01417,C00008,product
R01441,C00008,product
R01468,C00008,product
R01476,C00008,product
R01495,C00008,product
R01512,C00008,product
R01514,C00008,product
R01523,C00008,product
R01526,C00008,product
R01541,C00008,product
R01547,C00008,product
R01567,C00008,product
R01568,C00008,substrate
R01573,C00008,product
R01585,C00008,product
R01600,C00008,product
R01639,C00008,product
R01654,C00008,product
R01665,C00008,product
R01666,C00008,product
R01688,C00008,product
R01724,C00008,substrate
R01737,C00008,product
R01754,C00008,product
R01771,C00008,product
R01786,C00008,product
R01843,C00008,product
R01844,C00008,product
R01857,C00008,product
R01859,C00008,product
R01881,C00008,product
R01888,C00008,product
R01901,C00008,product
R01902,C00008,product
R01909,C00008,product
R01917,C00008,product
R01926,C00008,product
R01961,C00008,product
R01967,C00008,product
R01980,C00008,product
R01991,C00008,product
R02017,C00008,product
R02071,C00008,product
R02089,C00008,product
R02090,C00008,product
R02093,C00008,product
R02094,C00008,product
R02098,C00008,product
R02099,C00008,product
R02134,C00008,product
R02136,C00008,product
R02184,C00008,product
R02225,C00008,product
R02227,C00008,product
R02237,C00008,product
R02238,C00008,product
R02240,C00008,product
R02245,C00008,product
R02301,C00008,product
R02303,C00008,product
R02324,C00008,product
R02326,C00008,product
R02331,C00008,product
R02402,C00008,product
R02404,C00008,product
R02412,C00008,product
R02420,C00008,product
R02421,C00008,product
R02430,C00008,product
R02439,C00008,product
R02493,C00008,product
R02575,C00008,product
R02584,C00008,product
R02625,C00008,product
R02626,C00008,product
R02649,C00008,product
R02650,C00008,product
R02658,C00008,product
R02664,C00008,product
R02705,C00008,product
R02732,C00008,product
R02741,C00008,product
R02750,C00008,substrate
R02757,C00008,product
R02758,C00008,product
R02783,C00008,product
R02786,C00008,product
R02788,C00008,product
R02848,C00008,product
R02865,C00008,product
R02884,C00008,product
R02903,C00008,product
R02927,C00008,product
R02929,C00008,product
R02971,C00008,product
R02976,C00008,product
R02980,C00008,product
R03014,C00008,product
R03018,C00008,product
R03095,C00008,product
R03142,C00008,substrate
R03150,C00008,product
R03157,C00008,substrate
R03161,C00008,product
R03182,C00008,product
R03187,C00008,product
R03193,C00008,product
R03236,C00008,product
R03241,C00008,product
R03245,C00008,product
R03274,C00008,product
R03286,C00008,product
R03298,C00008,product
R03315,C00008,product
R03347,C00008,substrate
R03361,C00008,product
R03362,C00008,product
R03384,C00008,product
R03387,C00008,product
R03395,C00008,product
R03428,C00008,product
R03429,C00008,product
R03433,C00008,product
R03449,C00008,product
R03469,C00008,product
R03471,C00008,product
R03474,C00008,product
R03478,C00008,product
R03479,C00008,product
R03494,C00008,product
R03516,C00008,product
R03530,C00008,product
R03576,C00008,product
R03607,C00008,product
R03632,C00008,product
R03691,C00008,product
R03744,C00008,product
R03754,C00008,product
R03766,C00008,product
R03770,C00008,product
R03780,C00008,product
R03785,C00008,product
R03819,C00008,product
R03822,C00008,product
R03840,C00008,product
R03877,C00008,product
R03905,C00008,substrate
R03920,C00008,product
R03939,C00008,product
R03944,C00008,product
R04002,C00008,product
R04023,C00008,product
R04068,C00008,product
R04126,C00008,product
R04138,C00008,product
R04143,C00008,product
R04144,C00008,product
R04208,C00008,product
R04212,C00008,substrate
R04235,C00008,product
R04241,C00008,product
R04267,C00008,product
R04275,C00008,product
R04358,C00008,product
R04369,C00008,product
R04385,C00008,product
R04388,C00008,product
R04391,C00008,product
R04401,C00008,product
R04403,C00008,product
R04448,C00008,product
R04463,C00008,product
R04509,C00008,product
R04545,C00008,product
R04555,C00008,product
R04573,C00008,product
R04589,C00008,product
R04591,C00008,product
R04617,C00008,product
R04657,C00008,product
R04730,C00008,product
R04779,C00008,product
R04928,C00008,product
R05030,C00008,product
R05202,C00008,substrate
R05221,C00008,product
R05227,C00008,product
R05328,C00008,product
R05496,C00008,product
R05626,C00008,product
R05634,C00008,product
R05646,C00008,product
R05661,C00008,product
R05795,C00008,product
R05799,C00008,product
R05800,C00008,product
R05801,C00008,product
R05802,C00008,product
R05803,C00008,product
R05804,C00008,substrate
R05805,C00008,substrate
R05806,C00008,product
R06367,C00008,product
R06396,C00008,product
R06529,C00008,product
R06531,C00008,product
R06588,C00008,product
R06836,C00008,product
R06974,C00008,product
R06975,C00008,product
R06976,C00008,product
R07127,C00008,product
R07279,C00008,product
R07302,C00008,product
R07404,C00008,product
R07414,C00008,product
R07642,C00008,product
R07828,C00008,product
R08052,C00008,substrate
R08124,C00008,product
R08154,C00008,product
R08201,C00008,product
R08217,C00008,product
R08223,C00008,product
R08232,C00008,product
R08233,C00008,product
R08241,C00008,product
R08242,C00008,product
R08323,C00008,product
R08352,C00008,product
R08353,C00008,product
R08354,C00008,product
R08355,C00008,product
R08480,C00008,product
R08515,C00008,substrate
R08572,C00008,product
R08676,C00008,substrate
R08844,C00008,product
R08855,C00008,product
R08905,C00008,product
R08906,C00008,product
R08924,C00008,product
R08946,C00008,product
R08962,C00008,product
R08964,C00008,product
R08967,C00008,product
R08968,C00008,product
R09053,C00008,product
R09060,C00008,product
R09084,C00008,substrate
R09085,C00008,substrate
R09086,C00008,substrate
R09087,C00008,product
R09378,C00008,product
R09401,C00008,product
R09588,C00008,product
R09590,C00008,product
R09592,C00008,product
R09593,C00008,product
R09594,C00008,product
R09595,C00008,product
R09596,C00008,product
R09598,C00008,product
R09599,C00008,product
R09640,C00008,product
R09665,C00008,product
R09729,C00008,product
R09767,C00008,product
R09770,C00008,product
R09775,C00008,product
R09776,C00008,product
R09880,C00008,product
R09945,C00008,product
R09946,C00008,product
R10093,C00008,product
R10267,C00008,substrate
R10268,C00008,substrate
R10288,C00008,product
R10470,C00008,product
R10531,C00008,product
R10548,C00008,product
R10561,C00008,product
R10657,C00008,product
R10677,C00008,product
R10678,C00008,product
R10693,C00008,product
R10758,C00008,product
R10772,C00008,product
R10779,C00008,product
R10780,C00008,product
R10821,C00008,product
R10822,C00008,substrate
R10892,C00008,product
R10901,C00008,product
R10902,C00008,product
R10929,C00008,product
R10930,C00008,product
R10941,C00008,product
R10942,C00008,product
R10943,C00008,product
R10944,C00008,product
R10948,C00008,product
R10951,C00008,product
R10953,C00008,product
R10970,C00008,product
R10993,C00008,product
R10994,C00008,product
R11024,C00008,product
R11039,C00008,product
R11064,C00008,product
R11085,C00008,product
R11090,C00008,product
R11183,C00008,product
R11184,C00008,product
R11185,C00008,product
R11207,C00008,product
R11234,C00008,product
R11319,C00008,substrate
R11400,C00008,product
R11406,C00008,product
R11460,C00008,product
R11461,C00008,product
R11530,C00008,product
R11531,C00008,substrate
R11535,C00008,substrate
R11536,C00008,product
R11628,C00008,product
R11629,C00008,product
R11662,C00008,product
R11673,C00008,product
R11706,C00008,product
R11707,C00008,product
R11783,C00008,product
R11784,C00008,product
R11803,C00008,product
R11891,C00008,product
R11892,C00008,product
R11894,C00008,product
R11895,C00008,product
R11933,C00008,product
R12245,C00008,product
R12246,C00008,product
R12272,C00008,product
R12330,C00008,product
R12342,C00008,substrate
R12344,C00008,product
R12530,C00008,product
R12594,C00008,substrate
R12616,C00008,product
R12633,C00008,substrate
R12695,C00008,product
R12746,C00008,product
R12755,C00008,product
R12786,C00008,product
R12792,C00008,product
R12793,C00008,product
R12824,C00008,product
R12852,C00008,product
R12853,C00008,product
R12897,C00008,product
R12934,C00008,product
R12940,C00008,product
R12951,C00008,product
R12980,C00008,product
R13003,C00008,product
R13004,C00008,product
R13005,C00008,product
R13089,C00008,product
R13188,C00008,product
R13189,C00008,product
R13202,C00008,product
R13203,C00008,product
R13208,C00008,product
R13210,C00008,product
R13256,C00008,product
R13401,C00008,product
R13453,C00008,product
R13489,C00008,product
R13566,C00008,substrate
R13572,C00008,substrate
R13583,C00008,product
R13626,C00008,product
R13633,C00008,product
R13637,C00008,product
R03378,C16741,substrate
R01528,C00345,substrate
R01737,C00345,product
R02032,C00345,substrate
R02034,C00345,substrate
R02035,C00345,product
R02036,C00345,substrate
R10221,C00345,substrate
